articles/12th_Street_Riot.txt	 Detroit	 [('Detroit', 143), ('July', 71), ('Michigan', 44), ('Black', 43), ('National', 34), ('Model', 33), ('Violence', 33), ('^', 27), ('Fine', 27), ('[', 25), ('University', 25), ('Police', 23), ('Press,', 23), (']', 21), ('Cavanagh', 20)]
articles/1788_Doctors%27_Riot.txt	 New	 [('New', 17), ('York', 15), ('},', 10), (']', 7), ('Wikipedia', 6), ('[', 6), ('See', 5), ('City', 5), ('Riot', 5), ("Doctors'", 4), ('United', 3), ('Migrate', 3), ("Doctor's", 2), ('Hospital,', 2), ('Lancet', 2)]
articles/1886_Belfast_riots.txt	 Belfast	 [('Belfast', 18), ('},', 10), ('A', 7), ('Wikipedia', 6), ('(1987),', 5), ('Protestant', 5), ('[', 5), ('Riots', 5), ('History', 5), ('Belfast:', 5), ('Catholic', 4), ('Boyd', 4), ('Home', 4), ('June', 4), ('Rule', 4)]
articles/18_May_Riot.txt	 Denmark	 [('Denmark', 14), ('European', 12), ('},', 10), ('Union', 9), ('Wikipedia', 8), ('Greenland', 6), ('Islands', 6), ('Faroe', 6), ('Maastricht', 6), ('[', 5), ('See', 4), ('Referendums', 4), ('Government', 4), ('Treaty', 4), ('Migrate', 3)]
articles/1927_Nagpur_riots.txt	 Nagpur	 [('Nagpur', 31), ('},', 10), ('Vidarbha', 10), ('India', 9), ('ISBN', 9), ('Hindu', 8), ('Lake', 7), ('Swayamsevak', 6), ('Wikipedia', 6), ('Sangh', 6), ('[', 5), ('Rashtriya', 5), ('Association', 4), ('University', 4), ('September', 4)]
articles/1929_Palestine_riots.txt	 <a	 [('<a', 135), ('<li><a', 110), ('<div', 91), ('</tr>', 66), ('</div>', 64), ('<tr>', 51), ('</ul>', 48), ('<span', 43), ('<li', 41), ('August</td>', 38), ('<ul>', 37), ('August', 31), ('Palestine', 28), ('<td><a', 28), ('<td', 27)]
articles/1933_Palestine_riots.txt	 Palestine	 [('Palestine', 18), ('Mandatory', 12), ('Arab', 12), ('},', 10), ('Wikipedia', 6), ('October', 6), ('See', 6), ('[', 5), ('February', 4), (']', 4), ('Migrate', 3), ('Jewish', 3), ('Executive', 3), ('March', 2), ('Amin', 2)]
articles/1936%E2%80%931939_Arab_revolt_in_Palestine.txt	 <a	 [('<a', 420), ('<li><a', 256), ('<div', 166), ('<span', 137), ('Arab', 100), ('</div>', 97), ('War', 72), ('/>', 69), ('</ul>', 61), ('Palestine', 60), ('</tr>', 58), ('<li', 51), ('<ul>', 46), ('<tr>', 42), ('Mandatory', 40)]
articles/1949_anti-NATO_riot_in_Iceland.txt	 Iceland	 [('Iceland', 15), ('},', 10), ('NATO', 9), ('House', 8), ('Wikipedia', 6), ('Althing', 5), ('[', 5), ('See', 5), ('Austurv\xc3\xb6llur', 4), ('Althing.', 4), ('Icelandic', 4), (']', 4), ('Migrate', 3), ('Overview', 3), ('Union', 2)]
articles/1953_East_German_Uprising.txt	 War	 [('War', 40), ('East', 39), ('Germany', 29), ('June', 25), ('Berlin', 25), ('Republic', 23), ('Revolution', 20), ('Union', 14), ('Soviet', 14), ("People's", 13), ('Uprising', 13), ('Doctrine', 13), ('Cold', 11), ('January', 11), ('Wikipedia', 10)]
articles/1958_Grozny_riots.txt	 Grozny	 [('Grozny', 13), ('},', 10), ('Soviet', 7), ('Vainakh', 6), ('Wikipedia', 6), ('Ingush', 5), ('[', 5), ('Union', 4), ('August', 4), ('Oblast', 4), ('Chechens', 4), (']', 4), ('However,', 3), ('Migrate', 3), ('[1]', 3)]
articles/1959_Congolese_Riots.txt	 <div	 [('<div', 58), ('</div>', 44), ('<li><a', 33), ('<li', 24), ('</ul>', 22), ('<a', 22), ('</tr>', 18), ('<ul>', 17), ('<span', 13), ('<td', 12), ('},', 10), ('Congo', 9), ('August</span>', 8), ('Retrieved', 8), ('<li><cite', 8)]
articles/1964_Race_Riots.txt	 Singapore	 [('Singapore', 39), ('Malaysia', 32), ('Borneo', 12), ('July', 12), ('},', 10), ('Malay', 10), ('September', 9), ('Riots', 9), ('[1]', 9), ('Sarawak', 9), ('[', 8), ('Malaya', 8), ('Crown', 8), ('Wikipedia', 7), ('Colony', 7)]
articles/1967_Newark_riots.txt	 New	 [('New', 21), ('Newark', 18), ('Jersey', 10), ('},', 10), ('July', 9), ('[', 9), ('Newark,', 7), ('United', 6), ('Wikipedia', 6), ('York', 5), ('See', 5), ('^', 5), (']', 5), ('Department', 3), ('Migrate', 3)]
articles/1967_Plainfield_riots.txt	 New	 [('New', 14), ('Plainfield', 14), ('},', 10), ('Jersey', 8), ('United', 6), ('Wikipedia', 6), ('[', 6), ('National', 5), ('Officer', 4), ('Gleason', 4), ('July', 4), ('Police', 4), (']', 4), ('Newark', 3), ('York', 3)]
articles/1968_Democratic_National_Convention.txt	 <li><a	 [('<li><a', 333), ('</tr>', 126), ('<a', 101), ('</div>', 96), ('National', 95), ('<div', 90), ('<th', 72), ('</ul>', 71), ('<td', 70), ('<tr>', 66), ('<ul>', 61), ('</td>', 56), ('<tr', 45), ('<li', 44), ('Party', 41)]
articles/1968_Kansas_City_riot.txt	 Kansas	 [('Kansas', 17), ('City', 14), ('},', 10), ('Missouri', 8), ('United', 7), ('Wikipedia', 6), ('April', 6), ('City,', 6), ('See', 5), ('King', 4), (']', 4), ('Migrate', 3), ('[', 3), ('King,', 3), ('Missouri","Riots', 2)]
articles/1968_Washington,_D.C._riots.txt	 April	 [('April', 28), ('Washington', 26), ('[', 23), ('D.C.', 23), ('Washington,', 22), ('^', 14), (']', 14), ('White', 13), ('King', 12), ('Male', 11), ('Black', 11), ('Street,', 11), ('},', 10), ('Walter', 9), ('"', 9)]
articles/1969_Gujarat_riots.txt	 Gujarat	 [('Gujarat', 23), ('Hindu', 21), ('India', 16), ('Muslim', 16), ('Muslims', 11), ('Dalit', 11), ('ISBN', 10), ('},', 10), ('Congress', 9), ('September', 8), ('Wikipedia', 8), ('Ahmedabad', 7), ('Hindus', 7), ('February', 7), ('September,', 6)]
articles/1969_Northern_Ireland_Riots.txt	 Northern	 [('Northern', 53), ('RUC', 49), ('Ireland', 41), ('IRA', 40), ('^', 37), ('August', 33), ('Belfast', 27), ('Catholic', 26), ('[', 22), ('Street', 21), ('Troubles', 19), ('Army', 16), ('Bishop,', 15), ('Mallie,', 15), ('Protestant', 15)]
articles/1969_Race_Riots_of_Singapore.txt	 Singapore	 [('Singapore', 32), ('May', 13), ('},', 10), ('Wikipedia', 8), ('[', 8), ('Riots', 6), ('Singapore.', 6), (']', 6), ('Malaysia', 5), ('See', 5), ('Race', 4), ('Incident', 3), ('Migrate', 3), ('Rumours', 3), ('Sino-Malay', 3)]
articles/1970_Memorial_Park_riot.txt	 Royal	 [('Royal', 19), ('Michigan', 13), ('Park', 12), ('Memorial', 11), ('},', 10), ('Oak', 10), ('[', 9), ('August', 9), ('April', 9), ("People's", 7), ('Oak,', 6), ('Wikipedia', 6), ('Coalition', 6), ('Youth', 5), ('Young', 5)]
articles/1973_shooting_in_South_Jamaica,_Queens.txt	 New	 [('New', 19), ('York', 18), ('City', 12), ('Police', 12), ('},', 10), ('Glover', 9), ('Shooting', 8), ('Clifford', 7), ('September', 7), ('Shea', 7), ('Thomas', 6), ('Wikipedia', 6), ('[', 5), ('June', 5), ('Doo', 5)]
articles/1975_Chapeltown_race_riot.txt	 Chapeltown	 [('Chapeltown', 13), ('},', 10), ('England', 7), ('Wikipedia', 6), ('Leeds', 6), ('See', 5), ('West', 4), ('Riots', 4), ('Battle', 4), ('Yorkshire', 3), ('Migrate', 3), ('Handsworth', 3), (']', 3), ('Harehills', 3), ('House', 3)]
articles/1977_Egyptian_Bread_Riots.txt	 Egypt	 [('Egypt', 14), ('},', 10), ('Egyptian', 7), ('Wikipedia', 6), ('January', 6), ('April', 6), ('See', 5), ('Revolution', 5), ('Daily', 4), ('[', 4), ('News', 4), ('Food', 4), (']', 4), ('World', 3), ('Migrate', 3)]
articles/1981_Brixton_riot.txt	 Brixton	 [('Brixton', 38), ('April', 17), ('Scarman', 13), ('[', 11), ('},', 10), ('May', 10), ('Road', 9), ('London', 9), ('Police', 7), ('Report', 7), ('Railton', 7), ('Black', 7), ('England', 7), (']', 7), ('Bailey', 6)]
articles/1981_Chapeltown_race_riot.txt	 Chapeltown	 [('Chapeltown', 14), ('},', 10), ('England', 8), ('Wikipedia', 6), ('Leeds', 6), ('See', 6), ('Riots', 5), ('Handsworth', 4), ('Harehills', 4), ('Brixton', 4), ('Battle', 4), ('Migrate', 3), ('London', 3), ('West', 3), ('UK', 3)]
articles/1981_Handsworth_riots.txt	 },	 [('},', 10), ('Handsworth', 10), ('West', 6), ('Wikipedia', 6), ('Birmingham,', 6), ('England', 5), ('Birmingham', 4), ('July', 4), ('January', 4), ('See', 4), ('Views', 3), ('Migrate', 3), ('Times', 3), ('Use', 3), ('"', 3)]
articles/1981_Toronto_bathhouse_riots.txt	 Canada	 [('Canada', 20), ('Toronto', 19), ('Pride', 17), ('LGBT', 14), ('June', 12), ('Police', 10), ('},', 10), ('February', 10), ('Gay', 9), ('[', 7), (']', 7), ('Soap', 6), ('Wikipedia', 6), ('March', 6), ('A', 5)]
articles/1985_Handsworth_riots.txt	 Handsworth	 [('Handsworth', 18), ('},', 10), ('West', 8), ('England', 6), ('Wikipedia', 6), ('Birmingham', 6), ('Riots', 6), ('Birmingham,', 6), ('See', 5), ('[', 4), ('Midlands', 4), ('Battle', 4), ('Riot', 4), (']', 4), ('Broadwater', 3)]
articles/1986_Sabah_riots.txt	 Borneo	 [('Borneo', 18), ('Sabah', 17), ('Malaysia', 15), ('Sarawak', 15), ('North', 11), ('},', 10), ('Sultanate', 8), ('May', 8), ('Crown', 7), ('Colony', 7), ('March', 6), ('History', 6), ('Wikipedia', 6), ('Malaya', 5), ('PBS', 5)]
articles/1987%E2%80%931989_Tibetan_unrest.txt	 <li><a	 [('<li><a', 139), ('</ul>', 58), ('<ul>', 53), ('</div>', 47), ('<div', 46), ('Tibetan', 36), ('<a', 35), ('</tr>', 31), ('</li>', 29), ('<li', 28), ('<td', 24), ('Tibet', 20), ('</td>', 18), ('<span', 15), ('<th', 13)]
articles/1987_Chapeltown_race_riot.txt	 Chapeltown	 [('Chapeltown', 15), ('},', 10), ('England', 8), ('Leeds', 7), ('Wikipedia', 7), ('Riots', 5), ('See', 5), ('Battle', 4), ('Handsworth', 3), ('Day', 3), ('Migrate', 3), ('London', 3), ('West', 3), (']', 3), ('House', 3)]
articles/1989_riots_in_Argentina.txt	 Argentina	 [('Argentina', 17), ('},', 10), ('Alfons\xc3\xadn', 8), ('May', 8), ('Wikipedia', 6), ('de', 5), ('Ra\xc3\xbal', 5), ('Argentine', 5), ('Rosario', 5), ('See', 5), ('Plata', 4), ('R\xc3\xado', 4), ('[', 4), ('Buenos', 3), ('Migrate', 3)]
articles/1989_Sukhumi_riots.txt	 Abkhaz	 [('Abkhaz', 27), ('Georgian', 15), ('Sukhumi', 15), ('Soviet', 12), ('Abkhazia', 12), ('July', 11), ('},', 10), ('Georgia', 10), ('University', 9), ('Union', 7), ('State', 7), ('ISBN', 7), ('Wikipedia', 6), ('War', 6), ('Tbilisi', 6)]
articles/1990_Strangeways_Prison_riot.txt	 Prison	 [('Prison', 63), ('Jameson', 47), ('Allison,', 46), ('HM', 35), ('April', 27), ('Strangeways', 24), ('^', 22), ('Carrabine,', 22), ('A', 18), ('April,', 15), ('Woolf', 13), ('Manchester', 13), ('[', 12), ('C', 12), ('E', 11)]
articles/1990s_uprising_in_Bahrain.txt	 Bahrain	 [('Bahrain', 52), ('Al', 14), ('Khalifa', 11), ('Human', 11), ('},', 10), ('Ali', 9), ('Isa', 9), ('Salman', 9), ('[', 7), ('Action', 6), ('Hamad', 6), ('June', 6), ('National', 6), ('Wikipedia', 6), ('A', 5)]
articles/1991_Moscow_August_Putsch.txt	 <li><a	 [('<li><a', 375), ('<a', 335), ('Soviet', 108), ('<span', 82), ('</div>', 67), ('/>', 65), ('</tr>', 63), ('War', 60), ('</ul>', 59), ('<div', 59), ('Socialist', 56), ('<ul>', 55), ('August', 48), ('State', 47), ('<li', 46)]
articles/1991_Washington,_D.C._riot.txt	 Pleasant	 [('Pleasant', 17), ('Washington,', 14), ('[', 11), ('},', 10), ('D.C.', 9), ('Latino', 9), ('Mount', 9), ('Mt.', 8), ('May', 7), ('Washington', 6), ('Wikipedia', 6), (']', 6), ('United', 5), ('Report', 5), ('[3]', 5)]
articles/1992_Los_Angeles_riots.txt	 Los	 [('Los', 184), ('Angeles', 157), ('King', 59), ('May', 55), ('Times', 54), ('Rodney', 42), ('[', 39), ('L.A.', 37), ('New', 34), ('Retrieved', 33), ('Police', 33), ('York', 33), ('April', 31), ('^', 28), ('California', 28)]
articles/1993_Stanley_Cup_Finals.txt	 Stanley	 [('Stanley', 52), ('Cup', 52), ('Montreal', 43), ('Canadiens', 29), ('Los', 27), ('Finals', 25), ('Angeles', 24), ('Kings', 23), ('Game', 21), ('NHL', 21), ('"', 20), ('Forum', 12), ('John', 11), ('[', 10), ('Radio', 10)]
articles/1994_Stanley_Cup_riot.txt	 Vancouver	 [('Vancouver', 22), ('Cup', 21), ('Stanley', 21), ('New', 11), ('York', 10), ('},', 10), ('June', 9), ('Wikipedia', 6), ('Columbia', 5), ('[', 5), ('See', 5), ('Canucks', 5), ('Draft', 5), ('Game', 4), ('CBC', 4)]
articles/1995_Gazi_Quarter_riots.txt	 Gazi	 [('Gazi', 20), ('Turkey', 13), ('Quarter', 13), ('Istanbul', 12), ('[', 10), ('},', 10), ('March', 9), ('Court', 8), ('(in', 7), ('Police', 7), ('Ergenekon', 7), ('[4]', 6), ('Human', 6), ('Wikipedia', 6), ('Turkish)', 6)]
articles/1996_Parliament_House_Riot.txt	 Parliament	 [('Parliament', 17), ('},', 10), ('House', 10), ('Wikipedia', 8), ('Australia', 7), ('August', 7), ('[', 5), ('Trade', 5), ('See', 5), ('Union', 4), ('Council', 4), ('Government', 4), ('Senator', 4), ('Canberra', 4), ('Federal', 4)]
articles/1997_nationalist_riots_in_Northern_Ireland.txt	 July	 [('July', 68), ('IRA', 53), ('RUC', 50), ('Northern', 40), ('^', 32), ('Army', 29), ('Irish', 28), ('Ireland', 27), ('Orange', 25), ('Troubles', 24), ('Ulster', 23), ('Road', 18), ('[', 18), ('Drumcree', 17), ('\xe2\x80\x93', 16)]
articles/1999%E2%80%932000_UEFA_Cup.txt	 <td	 [('<td', 841), ('<a', 484), ('</tr>', 412), ('<tr>', 326), ('<span', 251), ('(<a', 213), ('UEFA', 200), ('<li><a', 196), ('<td><span', 193), ('<div', 174), ('<small>(<a', 144), ('/>', 143), ('Cup', 119), ('</table>', 107), ('<th', 95)]
articles/2000_UEFA_Cup_Final_riots.txt	 Galatasaray	 [('Galatasaray', 32), ('Arsenal', 28), ('Cup', 26), ('UEFA', 22), ('Leeds', 16), ('News', 16), ('BBC.', 13), ('BBC', 13), ('United', 12), ('Final', 11), ('Copenhagen', 11), ('City', 11), ('London', 11), ('Guardian', 10), ('},', 10)]
articles/2001_Cincinnati_Riots.txt	 Cincinnati	 [('Cincinnati', 26), ('April', 15), ('Thomas', 13), ('},', 10), ('Police', 9), ('Ohio', 7), ('Over-the-Rhine', 7), ('[', 6), ('Wikipedia', 6), ('Waddington', 6), ('United', 6), ('A', 5), ('[8]', 5), ('Cincinnati,', 5), ('Roach', 5)]
articles/2001_NCAA_Men%27s_Division_I_Basketball_Tournament.txt	 State	 [('State', 46), ('Tournament', 35), ('Bid', 35), ('At-Large', 35), ('Champion', 30), ('Regional', 28), ('Big', 27), ('Duke', 26), ('[', 20), ('Final', 20), ('NCAA', 19), ('Arizona', 17), (']', 17), ('Division', 15), ('San', 15)]
articles/2002_NCAA_Men%27s_Division_I_Basketball_Tournament.txt	 Regional	 [('Regional', 38), ('State', 37), ('At-Large', 34), ('Automatic', 31), ('Final', 28), ('Maryland', 26), ('\xe2\x80\x93', 26), ('[', 25), ('Big', 25), (']', 25), ('Indiana', 21), ('Oklahoma', 18), ('NCAA', 17), ('March', 16), ('Kent', 16)]
articles/2003_Maldives_civil_unrest.txt	 Mohamed	 [('Mohamed', 11), ('},', 10), ('Evan', 10), ('Left', 9), ('Right', 9), ('Maafushi', 7), ('September', 7), ('Naseem', 7), ('Adam', 6), ('Wikipedia', 6), ('Mal\xc3\xa9', 6), ('[', 6), ('Hassan', 6), ('Abdulla', 6), (']', 6)]
articles/2005_anti-Japanese_demonstrations.txt	 China	 [('China', 36), ('Japan', 27), ('War', 20), ('Korea', 19), ('South', 18), ('[', 17), (']', 16), ('PRC', 11), ('World', 11), ('Iraq', 11), ("Japan's", 11), ('April', 11), ('Republic', 10), ('History', 10), ('},', 10)]
articles/2005_Birmingham_race_riots.txt	 ^	 [('^', 14), ('Birmingham', 13), ('},', 10), ('October', 10), ('March', 9), ('England', 8), ('Handsworth', 8), ('West', 7), ('November', 7), ('Wikipedia', 6), ('[', 6), ('Caribbean', 6), ('Lozells', 6), ('Birmingham,', 6), ('Pakistani', 5)]
articles/2005_civil_unrest_in_France.txt	 November	 [('November', 71), ('France', 23), (']', 23), ('[', 20), ('October', 17), ('Paris', 17), ('French', 17), ('^', 16), ('Le', 14), ('BBC', 12), ('New', 12), ('Times', 11), ('Gaham', 10), ('|', 10), ('},', 10)]
articles/2005_Cronulla_riots.txt	 December	 [('December', 96), ('Cronulla', 48), ('Sydney', 40), ('Morning', 24), ('Herald', 23), ('[', 14), ('Eastern', 14), ('New', 14), ('January', 14), ('South', 14), ('Wales', 13), ('AAP', 13), ('Police', 13), (']', 13), ('Australia', 12)]
articles/2005_Maldives_civil_unrest.txt	 August	 [('August', 17), ('Nasheed', 13), ('},', 10), ('Dhunfini', 9), ('MDP', 9), ('Mohamed', 8), ('Maldives', 7), ('Wikipedia', 6), ('Mal\xc3\xa9', 6), ('Republican', 5), ('See', 5), ('NSS', 5), ('Atoll', 5), ('Abdul', 4), ('Friday', 4)]
articles/2005_Toledo_Riot.txt	 Toledo	 [('Toledo', 21), ('},', 10), ('NSM', 10), ('North', 9), ('Ohio', 8), ('Wikipedia', 6), ('See', 5), ('A', 5), ('United', 4), ('Toledo,', 4), ('Blade.', 4), ('Socialist', 4), ('[', 4), ('National', 4), ('End', 4)]
articles/2006_Aligarh_Riots.txt	 April	 [('April', 12), ('},', 10), ('Aligarh', 7), ('India', 6), ('Wikipedia', 6), ('Hindu', 5), ('See', 5), ('Uttar', 5), ('Muslim', 4), ('Pradesh', 4), ('[', 4), ('Riots', 4), (']', 4), ('Navami', 4), ('Migrate', 3)]
articles/2006_civil_unrest_in_San_Salvador_Atenco.txt	 Atenco	 [('Atenco', 10), ('},', 10), ('San', 9), ('Salvador', 9), ('Mexico', 8), ('Wikipedia', 6), ('[', 5), ('National', 5), ('Police', 5), (']', 5), ('Commission', 4), ('Human', 4), ('Migrate', 3), ('Texcoco', 3), ('CNDH', 3)]
articles/2006_Dublin_riots.txt	 Dublin	 [('Dublin', 32), ('Street', 20), ("O'Connell", 17), ('Sinn', 10), ('},', 10), ('F\xc3\xa9in', 10), ('Ulster', 9), ('^', 9), ('\xe2\x80\x93', 9), ('Love', 7), ('Orange', 7), ('Republican', 7), ('Ireland', 7), ('Wikipedia', 6), ('RT\xc3\x89', 6)]
articles/2006_labor_protests_in_France.txt	 March	 [('March', 40), ('France', 17), ('[', 17), ('April', 15), (']', 12), ('},', 10), ('Archived', 10), ('Assistance', 10), ('Juridique', 9), ('Collectif', 9), ('March,', 8), ('CPE', 7), ('^', 7), ('May', 7), ('Wikipedia', 6)]
articles/2006_Mangalore_riots.txt	 ISBN	 [('ISBN', 64), ('India', 41), ('Muslims', 39), ('Press.', 30), ('University', 29), ('Hindu', 25), ('Gujarat', 21), ('Muslim', 18), ('[', 14), ('Violence', 14), (']', 14), ('Hindus', 13), ('Routledge.', 11), ('},', 10), ('Riots', 9)]
articles/2006_Nuku%27alofa_riots.txt	 <div	 [('<div', 47), ('<a', 43), ('</div>', 38), ('<span', 37), ('<li', 31), ('New', 24), ('Retrieved', 17), ('</ul>', 15), ('Zealand', 14), ('November', 12), ('<ul>', 12), ('},', 10), ('Tonga', 9), ('Tongan', 9), ('</tr>', 8)]
articles/2006_protests_in_Hungary.txt	 ^	 [('^', 42), ('September', 37), ('(Hungarian)', 33), ('Hungary', 28), ('Budapest', 24), ('Hungarian', 22), ('Gyurcs\xc3\xa1ny', 20), ('Day', 19), (']', 17), ('Fidesz', 16), ('Square', 16), ('Ferenc', 14), ('[', 13), ('News', 13), ("Gyurcs\xc3\xa1ny's", 12)]
articles/2006_Stanley_Cup_playoffs#Western_Conference.txt	 â€“	 [('\xe2\x80\x93', 301), ('No', 185), ('(1)', 148), ('First', 98), ('(2)', 96), ('Goalie', 83), ('Third', 83), ('Recap', 83), ('Game', 73), ('Second', 67), ('Carolina', 62), ('(3)', 61), ('Edmonton', 57), ('Conference', 55), ('Buffalo', 45)]
articles/2007%E2%80%932008_Kenyan_crisis.txt	 <a	 [('<a', 174), ('January', 113), ('<span', 92), ('Retrieved', 74), ('February', 70), ('<div', 69), ('<li><a', 65), ('Kenya', 64), ('</div>', 58), ('Kibaki', 58), ('Odinga', 53), ('ODM', 44), ('<li', 43), ('Kenyan', 39), ('April', 39)]
articles/2007%E2%80%932008_world_food_price_crisis.txt	 <li><a	 [('<li><a', 284), ('<a', 256), ('<span', 106), ('</ul>', 97), ('<ul>', 88), ('<div', 83), ('April', 77), ('</div>', 71), ('Food', 68), ('</tr>', 62), ('</li>', 58), ('<li', 52), ('United', 45), ('Retrieved', 42), ('<td', 36)]
articles/2007_Burmese_anti-government_protests.txt	 October	 [('October', 169), ('September', 126), ('Burma', 110), ('^', 108), ('Myanmar', 78), ('[', 59), ('BBC', 46), ('News', 46), (']', 45), ('Aung', 37), ('Archived', 36), ('November', 35), ('April', 35), ('Wayback', 34), ('Machine', 34)]
articles/2007_food_riots_in_West_Bengal.txt	 },	 [('},', 10), ('Bengal', 9), ('West', 8), ('India', 7), ('Wikipedia', 7), ('See', 4), ('Migrate', 3), (']', 3), ('Talk', 2), ('Create', 2), ('Contact', 2), ('(October', 2), ('[', 2), ('CPI(M)', 2), ('Bankura', 2)]
articles/2007_Georgian_demonstrations.txt	 November	 [('November', 85), ('Georgia', 67), ('^', 38), ('Saakashvili', 22), ('Civil', 21), ('September', 19), ('Okruashvili', 19), ('Georgia.', 16), ('\xe2\x80\x93', 16), ('Georgian', 15), ('[', 15), ('Kingdom', 14), ('Minister', 12), (']', 11), ('Tbilisi', 11)]
articles/2007_Karachi_riots.txt	 May	 [('May', 93), ('June', 36), ('Karachi', 36), ('Chaudhry', 26), ('July', 21), ('Pakistan', 21), ("Chaudhry's", 19), ('Sindh', 18), ('[', 17), ('Court', 17), ('High', 16), ('Daily', 16), ('Khan', 13), ('Musharraf', 12), ('Dawn', 12)]
articles/2007_Villiers-le-Bel_riots.txt	 November	 [('November', 16), ('},', 10), ('Paris', 9), ('Wikipedia', 9), ('^', 8), ('France', 6), ('[', 5), ('Riots', 5), (']', 5), ('See', 5), ('French', 4), ('Archived', 4), ('Minister', 4), ('Villiers-le-Bel', 4), ('Migrate', 3)]
articles/2008%E2%80%932009_Israel%E2%80%93Gaza_conflict.txt	 <a	 [('<a', 808), ('Gaza', 385), ('<span', 380), ('Retrieved', 297), ('<div', 255), ('Hamas', 247), ('<li><a', 218), ('Israeli', 217), ('Israel', 179), ('</tr>', 169), ('</div>', 169), ('January', 145), ('</ul>', 123), ('<li', 119), ('IDF', 100)]
articles/2008_Cameroonian_anti-government_protests.txt	 March	 [('March', 42), ('Cameroon', 30), ('"', 18), ('Douala', 17), ('SDF', 11), ('},', 10), ('Government', 9), ('President', 8), ('February', 8), ('March,', 7), ('Biya', 7), ('",', 7), ('April', 7), ('Fru', 6), ('Wikipedia', 6)]
articles/2008_conflict_in_Lebanon.txt	 May	 [('May', 66), ('Lebanon', 41), ('Hezbollah', 38), ('Beirut', 29), ('Movement', 19), ('Party', 18), (']', 17), ('[', 16), ('Lebanon"', 16), ('Lebanese', 14), ('July', 13), ('Sunni', 12), ('Druze', 11), ('Al', 11), ('Tripoli', 10)]
articles/2008_Greece_Riots.txt	 December	 [('December', 546), ('Archived', 150), ('(in', 108), ('Greek).', 101), ('January', 79), ('Athens', 49), ('Greek', 45), ('Greece', 43), (']', 34), ('March', 32), ('^', 31), ('[', 24), ('Kathimerini.', 23), ('Eleftherotypia.', 21), ('\xce\xb3\xce\xb9\xce\xb1', 19)]
articles/2008_Guizhou_riot.txt	 Weng'an	 [("Weng'an", 14), ('[', 11), ('Guizhou', 10), ('},', 10), (']', 10), ('"', 8), ('China', 7), ('July', 7), ('June', 7), ('^', 7), ('Li', 7), ('Wikipedia', 6), ('See', 5), ('."', 5), ('Xinhua', 5)]
articles/2008_protests_in_Serbia.txt	 February	 [('February', 50), ('Kosovo', 47), ('Serbia', 29), ('\xe2\x80\x94', 23), ('[', 18), ('^', 17), ('Serbs', 15), ('Belgrade', 14), (']', 14), ('UN', 13), ('Serb', 13), ('News', 12), ('Montenegro', 10), ('},', 10), ('Wikipedia', 9)]
articles/2008_riot_in_Mongolia.txt	 July	 [('July', 13), ('MPRP', 12), ('},', 10), ('June', 10), ('Party', 10), ('Mongolia', 8), ('Wikipedia', 6), (']', 5), ("Mongolia's", 4), ('[', 4), ("People's", 4), ('BBC', 4), ('Ulan', 3), ('Migrate', 3), ('News.', 3)]
articles/2008_South_Africa_riots.txt	 South	 [('South', 101), ('Africa', 59), ('May', 47), ('June', 32), ('April', 32), ('Archived', 25), ('Cape', 24), ('Xenophobia', 21), ('Somali', 19), ('^', 18), ('[', 18), ('March', 17), ('African', 17), ('Party', 16), (']', 15)]
articles/2008_UEFA_Cup_Final_riots.txt	 May	 [('May', 74), ('Manchester', 44), ('Archived', 26), ('September', 22), ('Cup', 22), ('UEFA', 20), ('News', 15), ('August', 15), ('BBC', 14), ('Final', 12), ('Police', 11), ('Zenit', 11), ('Rangers', 11), ('June', 10), ('},', 10)]
articles/2008_unrest_in_Tibet.txt	 March	 [('March', 167), ('Tibetan', 89), ('Tibet', 58), ('April', 45), ('China', 44), ('Dalai', 40), ('Lhasa', 31), ('Lama', 29), ("People's", 24), ('News', 23), (']', 21), ('^', 21), ('Chinese', 18), ('[', 16), ('June', 15)]
articles/2009_Iranian_election_protests.txt	 June	 [('June', 275), ('July', 101), ('Iran', 91), ('Archived', 58), ('February', 52), ('August', 44), ('^', 43), (']', 34), ('[', 33), ('BBC', 28), ('June,', 26), ('Mousavi', 26), ('Ahmadinejad', 25), ('Tehran', 25), ('Guardian', 24)]
articles/2009_Oslo_riots.txt	 <div	 [('<div', 59), ('</div>', 48), ('<a', 46), ('Norwegian).', 32), ('(in', 31), ('January', 31), ('<li><a', 30), ('<li', 25), ('</ul>', 24), ('War', 18), ('</tr>', 18), ('<ul>', 16), ('Oslo', 16), ('Gaza', 16), ('<th', 14)]
articles/2009_Riga_riot.txt	 },	 [('},', 10), ('Latvia', 9), ('Riga', 8), ('Wikipedia', 7), ('See', 4), ('Migrate', 3), ('Police', 3), (']', 3), ('Polish-language', 2), ('Military', 2), ('Talk', 2), ('Create', 2), ('Godmanis', 2), ('Contact', 2), ('[', 2)]
articles/2010%E2%80%932011_Algerian_protests.txt	 <li><a	 [('<li><a', 338), ('<a', 259), ('<span', 128), ('</ul>', 113), ('<ul>', 105), ('Retrieved', 101), ('January', 97), ('February', 86), ('<div', 85), ('February</span>', 80), ('</div>', 66), ('</tr>', 60), ('</li>', 59), ('<li', 49), ('<td', 35)]
articles/2010%E2%80%932011_Tunisian_uprising.txt	 January	 [('January', 225), ('Tunisia', 86), ('Ben', 85), ('February', 70), ('Ali', 65), ('Al', 57), ('December', 47), ('^', 39), ('March', 38), ('\xe2\x80\x93', 32), ('Mohamed', 28), ('[', 28), ('Jazeera', 28), (']', 27), ('War', 27)]
articles/2010_G-20_Toronto_summit.txt	 June	 [('June', 118), ('Toronto', 102), ('G20', 68), ('May', 34), ('Star', 28), ('News', 22), ('Archived', 22), ('Canada', 20), ('Police', 17), ('Ontario', 15), ('Minister', 15), ('President', 15), ('CTV', 14), ('Globe', 14), ('[69]', 14)]
articles/2010_G-20_Toronto_summit_protests.txt	 Toronto	 [('Toronto', 100), ('June', 80), ('G20', 69), ('Archived', 45), ('Police', 30), ('Ontario', 23), ('Canada', 21), ('November', 17), ('Star', 16), ('Globe', 15), ('Street', 14), ('CTV', 13), ('\xe2\x80\x93', 13), ('July', 13), (']', 13)]
articles/2010_Jos_riots.txt	 March	 [('March', 47), ('January', 41), ('Jos', 28), ('Nigeria', 20), ('Archived', 17), ('[', 12), ('Plateau', 10), ('},', 10), (']', 10), ('Muslim', 9), ('BBC', 7), ('News.', 7), ('Wikipedia', 6), ('May', 6), ('New', 6)]
articles/2010_Kingston_unrest.txt	 May	 [('May', 114), ('Jamaica', 34), ('Coke', 29), ('Tivoli', 26), ('[', 20), ('October', 19), ('Archived', 19), ('Kingston', 16), (']', 13), ('Prime', 13), ('Christopher', 13), ('US', 13), ('Minister', 11), ('News', 11), ('\xe2\x80\x93', 11)]
articles/2010_Kyrgyzstani_uprising.txt	 April	 [('April', 144), ('Kyrgyzstan', 49), ('Kyrgyz', 42), ('^', 35), ('Bakiyev', 34), ('[', 21), ('June', 18), ('War', 18), ('January', 18), (']', 17), ('South', 17), ('Revolution', 16), ('Central', 14), ('Russia', 14), ('Bishkek', 13)]
articles/2010_Santa_Cruz_riots.txt	 Santa	 [('Santa', 275), ('Cruz', 229), ('California', 69), ('San', 60), ('City', 41), ('Beach', 31), ('[', 30), ('\xe2\x80\x93', 30), ('Valley', 27), (']', 27), ('Cruz,', 27), ('Retrieved', 23), ('Bay', 22), ('^', 21), ('County', 20)]
articles/2010_student_protest_in_London.txt	 <li><a	 [('<li><a', 262), ('<a', 251), ('<div', 105), ('<span', 102), ('November', 91), ('</ul>', 85), ('</div>', 77), ('Retrieved', 76), ('<ul>', 74), ('</li>', 56), ('</tr>', 45), ('<li', 39), ('London', 39), ('December', 37), ('November</span>', 36)]
articles/2010_Thai_political_protests.txt	 May	 [('May', 153), ('Thai', 75), ('^', 73), ('April', 73), ('Bangkok', 60), ('Archived', 57), ('March', 54), ('Thailand', 35), ('UDD', 31), ('[', 25), ('News', 25), ('Abhisit', 24), ('February', 23), ('May,', 20), ('Post', 19)]
articles/2010_Winter_Olympics.txt	 Olympic	 [('Olympic', 140), ('Vancouver', 112), ('February', 112), ('Winter', 104), ('Canada', 91), ('January', 58), ('\xe2\x97\x8f', 51), ('March', 30), ('Games', 30), ('Archived', 27), ('[73]', 27), ('Canadian', 26), ('\xe2\x80\x93', 25), ('Retrieved', 23), (']', 22)]
articles/2011_Bahraini_protests.txt	 Bahrain	 [('Bahrain', 231), ('April', 183), ('Al', 180), ('March', 159), ('February', 127), ('^', 121), ('Bahraini', 98), ('July', 77), ('September', 64), ('Human', 64), ('Archived', 63), ('June', 61), ('May', 58), ('Jazeera.', 56), ('National', 47)]
articles/2011_Cairo_Israeli_embassy_attack.txt	 Israeli	 [('Israeli', 45), ('September', 38), ('April', 32), ('Egypt', 24), ('Embassy', 15), ('Israel', 15), ('August', 14), ('Minister', 12), ('Post', 10), ('},', 10), ('Mohamed', 9), ('Jerusalem', 9), ('(10', 9), ('Cairo', 8), (']', 8)]
articles/2011_Dohuk_riots.txt	 December	 [('December', 19), ('Dohuk', 13), ('^', 11), ('},', 10), ('Zakho', 10), ('Wikipedia', 6), ('[', 6), ('Iraqi', 6), ('Kurdistan', 6), ('\xd9\x81\xd9\x8a', 6), ('Islamic', 6), (']', 6), ('Friday', 4), ('Riots', 4), ('Iraq', 4)]
articles/2011_Egyptian_protests.txt	 <a	 [('<a', 698), ('<li><a', 617), ('<span', 382), ('Retrieved', 322), ('</ul>', 196), ('<div', 196), ('</tr>', 172), ('<ul>', 171), ('</div>', 150), ('February', 150), ('January', 140), ('<td', 108), ('June', 107), ('Egypt', 102), ('<tr>', 94)]
articles/2011_England_riots.txt	 <a	 [('<a', 468), ('August', 255), ('<span', 250), ('Retrieved', 198), ('<div', 160), ('August</span>', 158), ('</div>', 110), ('<li><a', 92), ('England', 82), ('<i>The', 78), ('London', 74), ('<li', 54), ('\xe2\x80\x93', 54), ('Daily', 40), ('Guardian</i>.', 40)]
articles/2011_Georgian_protests.txt	 Georgia	 [('Georgia', 27), ('Georgian', 14), ('Kingdom', 14), ('},', 10), ('War', 7), ('May', 7), ('Tbilisi', 6), ('Wikipedia', 6), ('See', 5), ('Ministry', 4), ('March', 4), ('Iraq', 4), ('Bersih', 4), ('^', 4), ('President', 4)]
articles/2011_land_acquisition_protests_in_Uttar_Pradesh.txt	 May	 [('May', 35), ('India', 33), ('Uttar', 30), ('Land', 26), ('Pradesh', 25), ('India,', 15), ('Expressway', 15), ('Acquisition', 14), ('[', 14), ('Act', 14), (']', 13), ('Government', 13), ('Bhatta', 12), ('^', 11), ('India\xe2\x80\x99s', 11)]
articles/2011_London_anti-cuts_protest.txt	 March	 [('March', 65), ('London', 22), ('},', 10), ('United', 10), ('BBC', 9), ('London.', 9), ('^', 9), ('[', 8), ('TUC', 8), ('Kingdom', 8), ('Fortnum', 8), ('Street', 8), ('News.', 7), ('Square', 7), ('May', 7)]
articles/2011_Nakba_Day.txt	 Israeli	 [('Israeli', 41), ('Nakba', 39), ('Israel', 38), ('May', 21), ('Day', 16), ('Ynetnews"', 13), ('Syria', 13), ('Palestinian', 13), ('Ynetnews.com.', 13), ('Lebanon', 12), ('Arab', 12), ('News,', 12), ('IDF', 12), ('[', 11), ('},', 10)]
articles/2011_Northern_Ireland_riots.txt	 Northern	 [('Northern', 16), ('Ireland', 13), ('July', 11), ('Belfast', 11), ('},', 10), ('October', 10), ('PSNI', 8), ('Wikipedia', 6), ('[', 6), ('June', 6), ('\xe2\x80\x93', 6), ('Commons', 4), ('^', 4), ('Catholic', 3), ('Migrate', 3)]
articles/2011_Stanley_Cup_riot.txt	 June	 [('June', 63), ('Vancouver', 63), ('Cup', 32), ('Stanley', 30), ('Retrieved', 25), ('[', 13), ('(June', 13), ('CBC', 12), ('September', 11), ('},', 10), ('July', 9), ('Canucks', 9), ('Police', 9), ('Globe', 8), ('Boston', 8)]
articles/2012_Afghanistan_Quran_burning_protests.txt	 February	 [('February', 44), ('Afghanistan', 32), ('Afghan', 29), ('Quran', 29), ('Kabul', 19), ('US', 19), ('U.S.', 18), ('Koran', 16), ('Taliban', 14), ('Bagram', 13), ('Afghanistan"', 13), ('March', 12), ('Army', 12), ('[', 10), ('August', 10)]
articles/2012_Rakhine_State_riots.txt	 June	 [('June', 72), ('Rakhine', 39), ('Rohingya', 38), ('October', 37), ('Myanmar', 35), ('Muslims', 31), ('July', 23), ('August', 19), ('Muslim', 18), ('State', 16), ('Burma', 16), ('[', 15), ('Buddhist', 15), ('April', 15), ('Archived', 14)]
articles/2013_Bulgarian_anti-monopoly_protests.txt	 February	 [('February', 120), ('\xd0\xbd\xd0\xb0', 80), ('(in', 70), ('Bulgarian).', 68), ('\xd0\xb2', 58), ('\xd0\xb8', 54), ('March', 53), ('Borisov', 29), ('\xd0\xb7\xd0\xb0', 27), ('^', 24), ('\xd0\xbe\xd1\x82', 23), ('ISBN', 19), ('National', 18), ('Sofia', 18), ('Bulgaria', 17)]
articles/2013_Little_India_Riots.txt	 December	 [('December', 70), ('India', 27), ('Singapore', 26), ('Little', 23), ('},', 10), ('[', 8), ('Wikipedia', 8), ('(9', 8), (']', 7), ('Straits', 7), ("Singapore's", 6), ('A', 6), ('Riot:', 6), ('"Little', 5), ('Police', 5)]
articles/2013_Stockholm_riots.txt	 May	 [('May', 57), ('Stockholm', 32), ('Husby', 14), ('May,', 11), ('[', 10), ('Local', 10), ('},', 10), ('^', 10), ('Sweden', 10), ('"', 8), ('(in', 7), ('Wikipedia', 6), ('Nyheter', 6), (']', 6), ('See', 5)]
articles/2013_Trappes_riots.txt	 July	 [('July', 28), ('},', 10), ('Trappes', 7), ('Wikipedia', 7), ('France', 7), ('Paris', 6), ('Muslim', 6), ('See', 5), ('[1]', 4), ('Riots', 4), (']', 4), ('Migrate', 3), ('[', 3), ('French', 2), ('Talk', 2)]
articles/2014_Hrushevskoho_Street_riots.txt	 January	 [('January', 360), ('Archived', 114), ('February', 93), ('(in', 54), ('Ukraine', 47), ('Hrushevskoho', 45), ('^', 45), ('Kyiv', 37), ('Euromaidan', 34), ('Post', 32), ('Ukrainian).', 30), ('Foreign', 28), ('Street', 27), ('\xd0\xbd\xd0\xb0', 26), ('Affairs', 25)]
articles/2014_Iguala_mass_kidnapping.txt	 <a	 [('<a', 295), ('<span', 214), ('Retrieved', 190), ('November', 169), ('</tr>', 134), ('<div', 107), ('Spanish).', 105), ('(in', 98), ('<li><a', 87), ('</div>', 86), ('<td', 83), ('<li><i><a', 62), ('</td>', 61), ('October', 60), ('<tr>', 59)]
articles/2014_Sarcelles_riots.txt	 ^	 [('^', 21), ('France', 15), ('},', 10), ('Sarcelles', 9), ('Wikipedia', 6), ('[', 6), ('See', 5), (']', 5), ('York', 4), ('New', 4), ('Times', 4), ('Jews', 4), ('Zionist', 4), ('League', 3), ('Migrate', 3)]
articles/2014_unrest_in_Bosnia_and_Herzegovina.txt	 February	 [('February', 215), ('Bosnia', 75), ('Herzegovina', 35), ('Sarajevo', 24), ('Tuzla', 22), ('[', 22), ('(in', 19), ('EU', 18), ('Archived', 18), (']', 18), ('Minister', 16), ('Canton', 15), ('Zenica', 15), ('May', 12), ('Prime', 11)]
articles/2014_World_Cup.txt	 World	 [('World', 738), ('<td', 718), ('<a', 718), ('FIFA', 646), ('Cup', 603), ('</tr>', 550), ('<tr>', 355), ('<li><a', 277), ('<div', 272), ('<li><span', 270), ('<th', 262), ('<tr', 215), ('Group', 205), ('<td><a', 192), ('<span', 170)]
articles/2015_Baltimore_riots.txt	 <li><a	 [('<li><a', 324), ('Baltimore', 225), ('<span', 144), ('</tr>', 127), ('Retrieved', 115), ('<a', 113), ('</div>', 108), ('Orioles', 95), ('<div', 95), ('</ul>', 79), ('April', 74), ('<td', 71), ('<tr>', 69), ('<th', 64), ('</td>', 61)]
articles/2015_Corsican_protests.txt	 December	 [('December', 19), ('Corsica', 10), ('},', 10), ('European', 8), ('France', 7), ('Europe', 6), ('Wikipedia', 6), ('Corsican', 6), ('Jardins', 5), ('National', 5), ('"', 5), ('See', 5), ('Muslim', 5), ('Front', 5), ('Operation', 5)]
articles/327.txt	 Kamagasaki	 [('Kamagasaki', 9), ('GU', 5), ('Union', 4), ('Osaka', 4), ('English', 4), ('G8', 3), ('News', 3), ('Revolt', 3), ('Us', 3), ('Home', 3), ('Rakunan', 3), ('Nagoya', 3), ('Chubu', 2), ('Contact', 2), ('Pension', 2)]
articles/Abhisit_Vejjajiva.txt	 Abhisit	 [('Abhisit', 69), ('Thai', 54), ('December', 53), ('Archived', 44), ('^', 41), ('Thailand', 32), ('April', 28), ('Vejjajiva', 27), ('Party', 26), ('Democrat', 25), ('Prime', 24), ('February', 21), ('Minister', 18), ('Nation', 18), (']', 18)]
articles/Accra_Riots.txt	 },	 [('},', 10), ('Accra', 9), ('Wikipedia', 6), ('Coast', 6), ('Gold', 6), ('[', 5), ('Nkrumah', 3), ('Ghana', 3), ('Migrate', 3), ('Riots', 3), ('January', 3), ('See', 3), (']', 3), ('Adjetey,', 2), ('March', 2)]
articles/Adelaide.txt	 Adelaide	 [('Adelaide', 298), ('South', 128), ('Australia', 93), ('^', 55), ('[', 51), ("Adelaide's", 41), ('Australian', 38), (']', 37), ('University', 29), ('March', 29), ('Centre', 28), ('June', 27), ('City', 26), ('Park', 24), ('Port', 23)]
articles/Afghanistan.txt	 Afghanistan	 [('Afghanistan', 226), ('Afghan', 112), ('Archived', 101), ('War', 67), ('Kabul', 63), ('September', 52), ('October', 41), ('United', 39), ('^', 36), ('Taliban', 36), ('December', 36), ('August', 34), ('Islamic', 33), ('Empire', 31), ('Khan', 29)]
articles/Agana_race_riot.txt	 United	 [('United', 12), ('Marine', 12), ('},', 10), ('Guam', 9), ('Agana', 9), ('[', 8), ('War', 8), (']', 8), ('World', 7), ('Wikipedia', 6), ('White', 5), ('See', 5), ('Company', 4), ('Depot', 4), ('Agana,', 3)]
articles/Aggieville_Riot.txt	 Kansas	 [('Kansas', 21), ('Aggieville', 12), ('State', 10), ('},', 10), ('"', 7), ('Wikipedia', 6), ('United', 5), ('October', 5), ('See', 4), ('Jayhawks', 4), ('Migrate', 3), ('Stadium', 3), ('[', 3), ('KU', 3), ('Wildcats', 3)]
articles/Ajaccio.txt	 Ajaccio	 [('Ajaccio', 111), ('^', 57), ('[', 47), ('(French)', 46), ('Napoleon', 41), (']', 37), ('Corsica', 34), ('Ministry', 28), ('M\xc3\xa9rim\xc3\xa9e', 28), ('Culture,', 28), ('France', 25), ('Bonaparte', 21), ('CCB', 17), ('Saint', 16), ('Paoli', 15)]
articles/Akron,_Ohio.txt	 Akron	 [('Akron', 252), ('Ohio', 93), ('January', 61), ('[', 45), ('City', 45), (']', 44), ('\xe2\x80\x93', 44), ('April', 41), ('Akron,', 40), ('Archived', 40), ('July', 36), ('University', 35), ('September', 32), ('March', 32), ('National', 31)]
articles/Al-Aqsa_Intifada.txt	 Israeli	 [('Israeli', 193), ('September', 153), ('Israel', 120), ('Gaza', 75), ('^', 67), ('Intifada', 65), ('January', 60), ('Palestinian', 57), ('Sharon', 52), ('Hamas', 50), ('IDF', 49), ('War', 48), ('May', 47), ('December', 46), ('Operation', 43)]
articles/Al_Hoceima.txt	 Al	 [('Al', 32), ('Hoceima', 25), ('Bni', 12), ('Province', 11), ('},', 10), ('[', 9), ('Morocco', 8), ('Rif', 8), (']', 6), ('Wikipedia', 6), ('Sanjurjo', 5), ('See', 5), ('Villa', 5), ('February', 5), ('\xe2\x80\xa2', 5)]
articles/Albania.txt	 <a	 [('<a', 710), ('<li><a', 630), ('<div', 410), ('</div>', 295), ('</tr>', 277), ('\xe2\x80\x93', 253), ('<td', 213), ('<span', 205), ('Albania', 167), ('</ul>', 137), ('<tr', 132), ('</td>', 125), ('<th', 118), ('<li', 113), ('<tr>', 112)]
articles/Alberta.txt	 Alberta	 [('Alberta', 220), ('Canada', 67), ('Edmonton', 54), ('Calgary', 51), ('Retrieved', 38), ('\xc2\xb0C', 37), ("Alberta's", 35), ('[', 30), ('August', 29), ('Alberta.', 28), ('Highway', 28), ('Government', 28), ('National', 23), ('River', 23), ('Canada,', 23)]
articles/Algeria.txt	 Algeria	 [('Algeria', 157), (']', 44), ('[', 42), ('January', 41), ('Algerian', 35), ('^', 35), ('Main', 33), ('ISBN', 33), ('Africa', 30), ('Algiers', 28), ('North', 27), ('Arab', 26), ('Province', 25), ('Berber', 23), ('Algeria.', 22)]
articles/Algiers,_Algeria.txt	 Algiers	 [('Algiers', 90), ('El', 36), ('Algeria', 29), ('[', 23), ('Algiers.', 17), ('District', 16), (']', 14), ('\xe2\x80\x93', 14), ('Algiers,', 13), ('Wikipedia', 13), ('/', 10), ('October', 10), ('},', 10), ('Mediterranean', 10), ('\xe2\x80\xa2', 10)]
articles/Aligarh.txt	 Aligarh	 [('Aligarh', 114), (']', 35), ('[', 33), ('Uttar', 22), ('Nagar', 21), ('Muslim', 20), ('Pradesh', 19), ('University', 17), ('India', 16), ('Delhi', 16), ('Kol', 12), ('October', 12), ('Agra', 11), ('Aligarh.', 11), ('},', 10)]
articles/Almeria.txt	 <li><a	 [('<li><a', 179), ('<td', 148), ('<div', 113), ('<a', 101), ('/>', 78), ('</div>', 77), ('\xe2\x80\x93', 73), ('</tr>', 59), ('<th', 50), ('<tr', 39), ('<li', 37), ('Almer\xc3\xada', 31), ('</ul>', 29), ('<span', 29), ('Mediterranean', 27)]
articles/Ambon,_Maluku.txt	 Ambon	 [('Ambon', 58), ('[', 15), ('CIA', 15), ('Maluku', 14), ('Indonesia', 13), (']', 13), ('Conboy', 12), ('Morrison', 12), ('City', 11), ('},', 10), ('College', 9), ('May', 8), ('GDRP', 7), ('Dutch', 7), ('Wikipedia', 7)]
articles/Amsterdam.txt	 Amsterdam	 [('Amsterdam', 313), ('(in', 66), ('Dutch).', 62), ('May', 62), ('[', 58), ('Archived', 55), (']', 53), ('Amsterdam.', 50), ('Dutch', 46), ('Netherlands', 44), ('June', 36), ("Amsterdam's", 35), ('October', 29), ('Museum', 25), ('^', 24)]
articles/Anaheim,_California.txt	 Anaheim	 [('Anaheim', 193), ('California', 56), ('Orange', 54), ('Los', 53), ('Angeles', 50), ('San', 46), ('Valley', 44), ('Santa', 41), ('County', 35), ('District', 30), (']', 29), ('[', 28), ('October', 28), ('Disneyland', 28), ('Center', 26)]
articles/Anaheim_police_shooting_and_protests.txt	 Anaheim	 [('Anaheim', 52), ('July', 39), ('Police', 19), ('California', 16), ('School', 16), ('Orange', 11), ('Diaz', 11), ('Anaheim,', 11), ('High', 10), ('},', 10), ('County', 10), ('District', 9), ('Los', 8), ('Angeles', 8), ('Times', 8)]
articles/Anhui.txt	 Anhui	 [('Anhui', 71), ('District', 60), ('County', 58), ('China', 41), ('Hefei', 28), ('Wuhu', 22), ('[', 22), (']', 21), ('River', 19), ('Development', 19), ('University', 17), ('Zone', 17), ('Sh\xc3\xac', 16), ('Yangtze', 16), ('Chinese', 14)]
articles/Anti-abolitionist_riots_(1834).txt	 New	 [('New', 18), ('York', 15), ('July', 13), ('},', 10), ('[', 8), ('Times', 7), ('Wallace', 7), ('Burrows', 7), ('Street', 7), ('Wikipedia', 6), ('Tappan', 6), ('American', 5), ('See', 5), ('City', 5), ('George', 4)]
articles/Anti-Sikh_riots.txt	 Sikh	 [('Sikh', 74), ('Delhi', 53), ('India', 50), ('Sikhs', 49), ('November', 37), ('Congress', 36), ('Singh', 35), ('[', 33), ('April', 31), ('Committee', 28), (']', 23), ('Gandhi', 22), ('Commission', 22), ('September', 21), ('August', 20)]
articles/Apodaca.txt	 Nuevo	 [('Nuevo', 15), ('Apodaca', 11), ('},', 10), ('Le\xc3\xb3n', 9), ('General', 8), ('Monterrey', 7), ('[', 6), ('San', 6), ('Wikipedia', 6), ('Garza', 5), ('See', 5), (']', 5), ('^', 5), ('\xc2\xb0C', 5), ('Apodaca,', 5)]
articles/April_2009_Thai_political_unrest.txt	 April	 [('April', 34), ('August', 19), ('Thai', 14), ('Bangkok', 12), ('UDD', 11), ('[', 10), ('},', 10), ('Thailand', 10), ('Abhisit', 10), ('Archived', 7), (']', 7), ('Army', 6), ('Wikipedia', 6), ('September', 6), ('Pattaya', 6)]
articles/Argentina.txt	 Argentina	 [('Argentina', 225), ('^', 153), ('Argentine', 99), ('Buenos', 92), ('Archived', 74), ('\xe2\x80\x93', 65), ('(in', 55), ('ISBN', 49), ('World', 48), ('South', 44), ('Spanish).', 43), ('Aires', 43), ('Main', 42), ('USA:', 36), ('Latin', 35)]
articles/Arthur_McDuffie.txt	 Miami	 [('Miami', 17), ('McDuffie', 13), ('},', 10), ('May', 9), ('Florida', 8), ('[', 8), ('Wikipedia', 6), ("McDuffie's", 6), (']', 5), ('See', 5), ('United', 4), ('December', 4), ('Hanlon,', 4), ('April', 4), ('Video:', 3)]
articles/Arusha.txt	 Arusha	 [('Arusha', 87), ('National', 13), (']', 13), ('[', 12), ('City', 12), ('International', 12), ('Tanzania', 11), ('Mount', 10), ('},', 10), ('Meru', 9), ('[2]', 9), ('October', 8), ('Region', 8), ('Wikipedia', 8), ('African', 7)]
articles/Assam.txt	 Assam	 [('Assam', 340), ('[', 101), (']', 79), ('India', 58), ('^', 54), ('August', 49), ('Assamese', 48), ('National', 45), ('Guwahati', 41), ('Yes', 36), ('A', 35), ('University', 35), ('Assam.', 35), ('College', 34), ('History', 33)]
articles/Astor_Place_Riot.txt	 New	 [('New', 26), ('Astor', 19), ('Place', 16), ('York', 15), ('Macready', 14), ('Cliff,', 14), ('Forrest', 12), ('Wikipedia', 11), ('^', 11), ('[', 10), ('Opera', 10), ('},', 10), ('Riot', 10), ('May', 10), ('Shakespeare', 8)]
articles/Athens,_Greece.txt	 Athens	 [('Athens', 327), ('Greece', 60), ('Museum', 58), ('Athens,', 52), ('Greek', 48), ('National', 44), ('[', 44), ('Street', 38), ('Urban', 37), ('Piraeus', 37), ('Attica', 35), ('\xe2\x80\x93', 33), ('January', 30), ('International', 30), ('Olympic', 29)]
articles/Athens.txt	 Athens	 [('Athens', 327), ('Greece', 59), ('Museum', 58), ('Athens,', 51), ('Greek', 48), ('National', 44), ('[', 44), ('Street', 38), ('Urban', 37), ('Piraeus', 37), ('Attica', 35), ('\xe2\x80\x93', 33), ('January', 30), ('International', 30), ('Olympic', 29)]
articles/Athens_Polytechnic_uprising.txt	 Athens	 [('Athens', 16), ('Polytechnic', 12), ('November', 12), ('},', 10), ('Greece', 10), ('Wikipedia', 6), ('Polytechneio', 6), (']', 6), ('[', 5), ('Markezinis', 5), ('See', 5), ('Junta', 5), ('Internet', 4), ('President', 4), ('Polytechneion', 4)]
articles/Atlanta.txt	 Atlanta	 [('Atlanta', 378), ('Georgia', 87), ('Retrieved', 68), ('Park', 63), ('June', 60), ("Atlanta's", 52), ('City', 44), ('October', 43), ('July', 43), ('United', 41), ('"', 37), ('Center', 33), ('Atlanta,', 29), ('May', 28), ('New', 26)]
articles/Atlanta_prison_riots.txt	 Atlanta	 [('Atlanta', 23), ('Prison', 17), ('},', 10), ('Battle', 8), ('Georgia', 8), ('State', 7), ('Penitentiary', 7), ('History', 6), ('Wikipedia', 6), ('(U.S.', 6), ('Correctional', 6), ('Federal', 6), ('New', 5), ('Facility', 4), ('[', 4)]
articles/Atlanta_race_riot.txt	 Atlanta	 [('Atlanta', 53), ('Georgia', 18), ('New', 16), ('Race', 14), ('History', 10), ('York', 10), ('},', 10), ('Times', 10), ('(September', 9), ('^', 8), ('University', 7), ('Riot', 7), ('[', 6), ('ISBN', 6), ('Wikipedia', 6)]
articles/Attica_(town),_New_York.txt	 Attica	 [('Attica', 26), ('New', 18), ('York', 13), ('},', 10), ('Wyoming', 8), ('Town', 8), ('County', 7), ('Wikipedia', 6), ('[', 6), ('United', 5), ('Census', 5), ('See', 5), ('/', 4), ('Genesee', 4), (']', 4)]
articles/Attica_Prison_riots.txt	 Attica	 [('Attica', 73), ('New', 43), ('Prison', 34), ('York', 31), ('State', 23), ('[', 22), ('September', 17), (']', 14), ('Correctional', 11), ('Times', 11), ('Attica,', 10), ('},', 10), ('Rockefeller', 10), ('^', 9), ('"', 9)]
articles/Auckland.txt	 Auckland	 [('Auckland', 247), ('New', 127), ('Zealand', 81), ('^', 38), ("Auckland's", 35), ('\xe2\x80\x93', 35), ('[', 31), ('North', 29), ('Harbour', 26), ('October', 24), ('City', 24), ('Transport', 22), ('Island', 21), ('Auckland,', 20), ('Council', 20)]
articles/Australia.txt	 Australia	 [('Australia', 247), ('April', 85), ('Archived', 70), ('^', 66), ('June', 62), ('New', 62), ('Australian', 61), ("Australia's", 53), ('March', 51), ('Islands', 48), ('World', 46), ('ISBN', 46), ('Commonwealth', 44), ('January', 43), ('Department', 42)]
articles/Ayodhya.txt	 Ayodhya	 [('Ayodhya', 79), ('[', 25), ('Temple', 25), ('Hindu', 22), ('India', 21), ('Faizabad', 18), ('Ram', 18), (']', 16), ('Rama', 13), ('September', 12), ('^', 12), ('Lord', 11), ('October', 11), ('Wikipedia', 11), ('Ayodhya.', 10)]
articles/Ays%C3%A9n_Province.txt	 <li><a	 [('<li><a', 63), ('<div', 54), ('</div>', 45), ('</tr>', 41), ('<td', 31), ('<th', 30), ('<a', 30), ('<li', 29), ('<tr', 27), ('</ul>', 22), ('<span', 21), ('\xe2\x80\x93', 18), ('<tr>', 14), ('<ul>', 13), ('},', 10)]
articles/Babri_Mosque.txt	 Masjid	 [('Masjid', 58), ('Mosque', 55), ('Babri', 28), ('Hindu', 27), ('Ayodhya', 26), ('[', 20), ('Masjid,', 16), ('Jama', 15), ('Hindus', 14), ('Ram', 13), (']', 13), ('India', 12), ('ISBN', 12), ('October', 11), ('Delhi', 11)]
articles/Bahrain.txt	 Bahrain	 [('Bahrain', 309), ('June', 82), ('October', 75), ('^', 69), ('Al', 69), ('Arab', 49), ('United', 48), ('Gulf', 47), ('Bahraini', 45), ('July', 40), ('[', 37), (']', 36), ('March', 36), ('Archived', 35), ('Bahrain"', 35)]
articles/Baltimore.txt	 Baltimore	 [('Baltimore', 505), ('Maryland', 118), ('City', 115), ('Retrieved', 91), ('United', 68), ('[', 67), (']', 54), ("Baltimore's", 53), ('January', 51), ('Baltimore,', 45), ('Harbor', 45), ('Inner', 41), ('March', 41), ('U.S.', 40), ('University', 40)]
articles/Baltimore_bank_riot.txt	 Baltimore	 [('Baltimore', 16), ('},', 10), ('Maryland', 8), ('Wikipedia', 7), ('[', 6), ('Mayor', 6), ('Smith', 5), ('See', 5), ('Hunt', 5), ('[2]', 4), ('September', 4), ('WikiProject', 4), ('Battle', 4), ('Bank', 4), ('Monument', 4)]
articles/Baltimore_riot_of_1968.txt	 Baltimore	 [('Baltimore', 49), ('Maryland', 26), ('National', 20), ('April', 19), ('Guard', 16), ('Church', 16), ('United', 14), ('Military', 13), ('Army', 13), ('[', 12), ('Task', 12), ('Force', 12), ('St.', 11), ('Regiment', 10), ('Battalion', 10)]
articles/Bangkok.txt	 Bangkok	 [('Bangkok', 218), ('Metropolitan', 62), ('District', 58), ('September', 57), ('City', 47), ('Thailand', 46), ("Bangkok's", 44), ('Thai', 41), ('(PDF)', 39), ('Administration', 36), ('Nakhon', 36), ('[', 34), ('International', 31), (']', 29), ('Bang', 28)]
articles/Bangladesh.txt	 Bangladesh	 [('Bangladesh', 346), ('Bengal', 122), ('^', 85), ('Bengali', 74), ('Bangladeshi', 73), ('South', 53), ('Dhaka', 51), ('ISBN', 50), ('Pakistan', 49), ('Chittagong', 48), ('December', 45), ('India', 43), ('East', 42), ('National', 37), ('World', 34)]
articles/Banten.txt	 Banten	 [('Banten', 38), ('Tangerang', 15), ('Serang', 13), ('Indonesia', 13), ('[', 11), ('Java', 11), ('Sunda', 10), ('},', 10), (']', 9), ('West', 8), ('South', 8), ('Sumatra', 7), ('Governor', 7), ('^', 7), ('\xe2\x80\xa2', 7)]
articles/Barbour_County,_Alabama.txt	 Barbour	 [('Barbour', 28), ('County', 28), ('Alabama', 23), (']', 17), ('County,', 16), ('[', 14), ('State', 12), ('Census', 12), ('United', 10), ('},', 10), ('Route', 9), ('Clayton', 8), ('U.S.', 8), ('AL', 8), ('August', 7)]
articles/Bariloche.txt	 Bariloche	 [('Bariloche', 43), ('Nahuel', 20), ('Huapi', 18), ('[', 16), ('\xc2\xb0C', 16), ('Carlos', 12), ('San', 12), ('National', 12), (']', 11), ('Argentine', 11), ('Chile', 11), ('Average', 10), ('},', 10), ('Wikipedia', 9), ('Argentina', 9)]
articles/Battle_of_Ballantyne_Pier.txt	 Vancouver	 [('Vancouver', 18), ('Ballantyne', 14), ('},', 10), ('Shipping', 10), ('Battle', 9), ('Columbia', 8), ('Federation', 8), ('British', 8), ('Pier', 8), ('[', 7), ('June', 6), ('Wikipedia', 6), ("Workers'", 6), ('Police', 5), ('Mounted', 5)]
articles/Battle_of_Bow_Street.txt	 Bow	 [('Bow', 10), ('},', 10), ('Street', 10), ('Battle', 7), ('Wikipedia', 6), ('Police', 6), ('London', 5), ('Riots', 5), ('England', 4), ('[', 4), ('Day', 3), ('Chapeltown', 3), ('Migrate', 3), ('Brixton', 3), ('Handsworth', 3)]
articles/Battle_of_Cable_Street.txt	 London	 [('London', 37), ('Cable', 31), ('Party', 28), ('Street', 26), ('National', 21), ('British', 19), ('Battle', 18), ('League', 11), ('October', 10), ('},', 10), ('United', 10), ('John', 9), ('East', 8), ('Mosley', 8), ('[', 7)]
articles/Battle_of_Liberty_Place.txt	 New	 [('New', 24), ('Liberty', 20), ('Louisiana', 14), ('Orleans', 14), ('White', 14), ('Battle', 13), ('Canal', 12), ('Place', 12), ('[', 10), ('},', 10), ('J.', 8), ('Republican', 8), ('^', 8), ('Monument', 8), ('Street', 8)]
articles/Battle_of_Manners_Street.txt	 New	 [('New', 22), ('Zealand', 16), ('},', 10), ('Manners', 10), ('Battle', 7), ('Wikipedia', 6), ('[', 6), ('Army', 5), ('October', 5), ('Wellington', 5), ('See', 5), (']', 5), ('Street', 5), ('Street,', 4), ('M\xc4\x81ori', 4)]
articles/Battle_of_Ryesgade.txt	 Ryesgade	 [('Ryesgade', 14), ('Copenhagen', 12), ('},', 10), ('[', 9), ('Denmark', 7), ('Wikipedia', 6), ('UNGBO', 6), ('September', 5), ('Ryesgade.', 5), ('Squatters', 4), ('Movement', 4), ('June', 4), ('Molotov', 4), ('Battle', 4), ('Copenhagen.', 4)]
articles/Battle_of_the_Bogside.txt	 Northern	 [('Northern', 40), ('Ireland', 30), ('Derry', 25), ('Bogside', 24), ('Ulster', 23), ('IRA', 17), ('^', 16), ('Troubles', 15), ('Battle', 15), ('Party', 12), ('[', 11), ('August', 11), ('Catholic', 11), ('},', 10), ('Army', 10)]
articles/Battle_of_the_Wazzir.txt	 },	 [('},', 10), ('Wikipedia', 9), ('Battle', 8), ('New', 5), ('Wazzir', 5), ('Auckland', 4), ('[', 4), ('Star', 4), (']', 4), ('World', 3), ('Migrate', 3), ('Cairo', 3), ('Zealand', 3), ('English', 3), ('War', 3)]
articles/Battle_of_Valle_Giulia.txt	 },	 [('},', 10), ('Valle', 8), ('Giulia', 7), ('Italy', 7), ('Wikipedia', 6), ('^', 6), ('Battle', 5), ('March', 4), ('Black', 4), ('See', 4), ('Power', 4), ('Rome', 3), ('Migrate', 3), ('[', 3), ('Movement', 3)]
articles/Bavaria.txt	 Bavaria	 [('Bavaria', 122), ('[', 32), ('Upper', 26), (']', 23), ('Munich', 22), ('Franconia', 19), ('Germany', 17), ('CSU', 17), ('Bavarian', 16), ('Palatinate', 15), ('Regensburg', 15), ('State', 14), ('Roman', 14), ('Lower', 13), ('W\xc3\xbcrzburg', 12)]
articles/Bawdy_House_Riots_of_1668.txt	 August	 [('August', 12), ('Riots', 10), ('},', 10), ('House', 9), ('Bawdy', 7), ('ISBN', 6), ('Wikipedia', 6), ('England', 6), ('London', 6), ('University', 5), ('March', 4), ('Press.', 4), ('Diary', 4), ('Battle', 4), ('Page', 4)]
articles/Beaumont,_Texas.txt	 Beaumont	 [('Beaumont', 148), ('Texas', 118), ('Retrieved', 47), ('City', 38), ('[', 37), ('Lamar', 36), ('Beaumont,', 33), ('University', 33), ('October', 31), ('November', 31), (']', 29), ('Museum', 28), ('Jefferson', 28), ('January', 22), ('State', 22)]
articles/Beaumont_Race_Riot_of_1943.txt	 Texas	 [('Texas', 10), ('},', 10), ('Beaumont', 9), ('June', 8), ('Wikipedia', 6), ('[', 6), ('Race', 5), ('[1]', 4), ('September', 4), (']', 4), ('Migrate', 3), ('Shipyard', 3), ('[2]', 3), ('Press,', 3), ('Black', 3)]
articles/Beer_riots_in_Bavaria.txt	 },	 [('},', 8), ('Wikipedia', 6), ('Bavaria', 5), ('Beer', 4), ('See', 4), (']', 4), ('Migrate', 3), ('[', 3), ('Germany', 3), ('May', 3), ('Talk', 2), ('Create', 2), ('Ludwig', 2), ('Contact', 2), ('Navigation', 2)]
articles/Beijing.txt	 <a	 [('<a', 968), ('<li><a', 826), ('<td', 465), ('<div', 416), ('</tr>', 406), ('<span', 287), ('</div>', 280), ('\xe2\x80\x93', 212), ('<tr>', 203), ('<th', 200), ('<li><b><a', 174), ('<tr', 170), ('</ul>', 161), ('Beijing', 159), ('</td>', 155)]
articles/Belfast,_Northern_Ireland.txt	 Belfast	 [('Belfast', 325), ('Northern', 131), ('May', 127), ('Ireland', 105), ('Archived', 72), ('City', 56), ('June', 36), ('September', 36), ('Ulster', 31), ('[', 31), (']', 29), ('^', 27), ('March', 26), ('Ireland.', 26), ('Belfast.', 26)]
articles/Belfast.txt	 Belfast	 [('Belfast', 325), ('Northern', 130), ('May', 127), ('Ireland', 104), ('Archived', 72), ('City', 56), ('June', 36), ('September', 36), ('Ulster', 31), ('[', 31), (']', 29), ('^', 27), ('March', 26), ('Ireland.', 26), ('Belfast.', 26)]
articles/Belgian_Congo.txt	 Congo	 [('Congo', 135), ('^', 40), ('[', 28), ('Belgium', 23), ('Congo,', 23), ('War', 22), ('World', 21), (']', 21), ('Leopold', 19), ('King', 18), ('Belgian', 18), ('II', 17), ('Republic', 16), ('Congolese', 16), ('Congo.', 15)]
articles/Belgian_Revolution#The_opera_riot.txt	 Belgium	 [('Belgium', 29), ('Netherlands', 26), ('William', 20), ('Revolution', 18), ('Kingdom', 15), ('London', 15), ('[', 14), ('King', 13), (']', 12), ('Treaty', 11), ('Congress', 10), ('},', 10), ('Leopold', 9), ('United', 9), ('Prince', 9)]
articles/Belgrade_anti-gay_riot.txt	 LGBT	 [('LGBT', 14), ('Serbia', 13), ('},', 10), ('Belgrade', 9), ('Wikipedia', 8), ('October', 8), ('Commons', 4), ('See', 4), ('Anti-gay', 3), ('Migrate', 3), ('(10', 3), (']', 3), ('Wikimedia', 3), ('\xc5\xbdandarmerija', 2), ('Pride', 2)]
articles/Bellingham,_Washington.txt	 Bellingham	 [('Bellingham', 169), ('Whatcom', 83), ('Washington', 51), ('September', 44), ('[', 36), (']', 28), ('Bellingham,', 28), ('County', 27), ('City', 27), ('Retrieved', 20), ('January', 20), ('United', 20), ('^', 18), ('Fairhaven', 16), ('Bay', 16)]
articles/Bellingham_riots.txt	 Bellingham	 [('Bellingham', 25), ('Washington', 11), ('Whatcom', 11), ('},', 10), ('United', 7), ('Wikipedia', 6), ('South', 6), ('Pacific', 5), ('See', 5), (']', 5), ('Park', 5), ('School', 5), ('Sehome', 4), ('[', 4), ('Museum', 4)]
articles/Belo_Horizonte.txt	 Belo	 [('Belo', 142), ('Minas', 102), ('Horizonte', 84), ('S\xc3\xa3o', 72), ('[', 45), (']', 35), ('Gerais', 32), ('Rio', 29), ('Brazil', 29), ('Horizonte,', 29), ('Santa', 29), ('Pampulha', 20), ('Jo\xc3\xa3o', 18), ('Nova', 17), ('Horizonte.', 16)]
articles/Benton_Harbor,_Michigan.txt	 Benton	 [('Benton', 67), ('Harbor', 37), ('Michigan', 33), ('St.', 23), ('[', 21), (']', 18), ('Township', 18), ('Joseph', 17), ('Harbor,', 13), ('Berrien', 12), ('City', 10), ('},', 10), ('United', 9), ('Lake', 9), ('Census', 8)]
articles/Benton_Harbor_Riots.txt	 Benton	 [('Benton', 17), ('Harbor', 12), ('Michigan', 10), ('},', 10), ('Wikipedia', 7), ('Herald-Palladium', 4), (']', 4), ('See', 3), ('Migrate', 3), ('[', 3), ('Harbor,', 3), ('United', 2), ('William', 2), ('Talk', 2), ('Create', 2)]
articles/Berkeley,_California.txt	 Berkeley	 [('Berkeley', 226), ('San', 89), ('California', 70), ('Bay', 58), ('Francisco', 40), ('University', 34), ('City', 32), (']', 31), ('Valley', 28), ('Berkeley,', 28), ('[', 27), ('Avenue', 27), ('Park', 22), ('\xe2\x80\x93', 22), ('District', 21)]
articles/Berkeley_riots.txt	 Berkeley	 [('Berkeley', 42), ('[', 19), ('Movement', 15), ('Vietnam', 13), ('California', 12), ('},', 10), ('University', 9), (']', 9), ('Speech', 8), ('SLATE', 8), ('Committee', 8), ('Day', 7), ('Berkeley,', 7), ('Sproul', 7), ('Free', 7)]
articles/Bhagalpur#Bhagalpur_riots.txt	 Bhagalpur	 [('Bhagalpur', 86), ('[', 24), ('India', 21), ('Bihar', 19), (']', 18), ('Gangetic', 14), ('Temple', 14), ('Vikramshila', 13), ('Champapur', 12), ('Mandar', 11), ('Maharshi', 11), ('Anga', 10), ('},', 10), ('Sultanganj', 10), ('Wikipedia', 10)]
articles/Bhagalpur.txt	 Bhagalpur	 [('Bhagalpur', 86), ('[', 24), ('India', 21), ('Bihar', 19), (']', 18), ('Gangetic', 14), ('Temple', 14), ('Vikramshila', 13), ('Champapur', 12), ('Mandar', 11), ('Maharshi', 11), ('Anga', 10), ('},', 10), ('Sultanganj', 10), ('Wikipedia', 10)]
articles/Bharatpur,_Rajasthan.txt	 Bharatpur	 [('Bharatpur', 66), (']', 18), ('Singh', 18), ('Express', 16), ('Maharaja', 16), ('[', 15), ('Jaipur', 11), ('School,', 11), ('Fort', 10), ('Wikipedia', 10), ('Rajasthan', 10), ('},', 10), ('State', 9), ('Keoladeo', 9), ('India', 9)]
articles/Bima.txt	 Bima	 [('Bima', 40), ('Indonesia', 11), ('},', 10), ('Sumbawa', 10), ('West', 9), ('[', 8), ('Nusa', 7), ('Tenggara', 7), ('Sultan', 6), (']', 6), ('Lombok', 6), ('Wikipedia', 6), ('Salahuddin', 5), ('Land-', 5), ('Taal-,', 5)]
articles/Birmingham,_Michigan.txt	 Michigan	 [('Michigan', 27), ('Birmingham', 26), ('Detroit', 26), ('School', 19), ('Mall', 16), ('[', 14), ('Lake', 13), ('Birmingham,', 13), ('Hills', 12), (']', 12), ('^', 11), ('City', 11), ('United', 11), ('Bloomfield', 11), ('Center', 11)]
articles/Birmingham.txt	 Birmingham	 [('Birmingham', 414), ('City', 98), ('June', 75), ('St', 67), ('West', 53), (']', 52), ('Archived', 52), ('ISBN', 52), ('September', 49), ('April', 49), ('Council', 47), ('[', 43), ('Hall', 37), ('\xe2\x80\x93', 37), ('University', 36)]
articles/Black_Country.txt	 Black	 [('Black', 103), ('Country', 91), ('West', 34), ('Birmingham', 26), ('Dudley', 24), ('Wolverhampton', 20), ('Midlands', 17), ('January', 17), ('[', 14), ('July', 14), ('^', 14), ('November', 13), ('Walsall', 12), ('Staffordshire', 11), ('South', 11)]
articles/Bloody_Monday.txt	 Kentucky	 [('Kentucky', 17), ('Louisville', 16), ('Bloody', 14), ('Monday', 14), ('Louisville,', 11), ('},', 10), ('[', 8), ('United', 7), (']', 7), ('Register', 6), ('Wikipedia', 6), ('Historical', 6), ('"The', 6), ('Society', 6), ('Nothing', 5)]
articles/Bloody_Sunday_(1905).txt	 Bloody	 [('Bloody', 25), ('[', 20), ('^', 19), ('Sunday', 19), ('Petersburg', 16), ('Russia', 14), ('Gapon', 13), ('Revolution', 13), ('January', 13), ('Tsar', 11), ('Winter', 10), ('Palace', 10), ('St.', 10), ('},', 10), ('Sunday,', 10)]
articles/Bloody_Sunday_(1938).txt	 Vancouver	 [('Vancouver', 12), ('},', 10), ('Sunday', 8), ('Bloody', 7), ('Canada', 6), ('Foster', 6), ('[', 6), ('Wikipedia', 6), ('See', 5), ('Columbia', 4), ('Depression', 4), ('Hotel', 4), ('Georgia', 4), ('Colonel', 4), ('Great', 4)]
articles/Bloody_Sunday_(1972).txt	 Bloody	 [('Bloody', 103), ('Sunday', 95), ('June', 41), ('Northern', 40), ('IRA', 37), ('Inquiry', 35), ('Saville', 34), ('Ireland', 33), ('Derry', 32), ('Army', 30), ('Irish', 27), ('January', 24), ('^', 22), ('\xe2\x80\x93', 22), ('May', 22)]
articles/Bogota.txt	 <a	 [('<a', 519), ('<li><a', 392), ('<div', 374), ('</div>', 261), ('<td', 260), ('</tr>', 181), ('\xe2\x80\x93', 166), ('<span', 153), ('</ul>', 122), ('/>', 120), ('<li', 107), ('<li><span', 106), ('<th', 105), ('<tr>', 87), ('<tr', 76)]
articles/Bogotazo.txt	 GaitÃ¡n	 [('Gait\xc3\xa1n', 14), ('El', 12), ('},', 10), ('[', 9), ('Colombia', 8), ('Ospina', 8), ('Liberal', 8), ('^', 7), ('Jorge', 7), ('April', 7), ('Bogotazo', 7), ('Gait\xc3\xa1n,', 6), ('La', 6), ('Bogot\xc3\xa1', 6), ('Wikipedia', 6)]
articles/Bolivia.txt	 Bolivia	 [('Bolivia', 144), ('La', 42), ('[', 42), (']', 41), ('Paz', 33), ('July', 32), ('Santa', 27), ('Cruz', 26), ('August', 25), ('South', 23), ('October', 20), ('^', 20), ('Cochabamba', 20), ('February', 20), ("Bolivia's", 19)]
articles/Bombay_Riots.txt	 Hindus	 [('Hindus', 52), ('January', 52), ('Muslims', 49), ('Muslim', 40), ('December', 36), ('[', 34), ('Hindu', 34), ('Mumbai', 33), ('Bombay', 28), ('Muslims.', 25), ('Police', 21), ('Road', 19), ('Shiv', 18), ('Sena', 17), ('Hindus,', 16)]
